-- Comprehensive Sample Data for Transport Management System

-- ==============================================
-- 1. داده‌های پایه - شعب
-- ==============================================
INSERT INTO branches (id, name, location) VALUES 
('BR001', 'شعبه مرکزی تهران', 'تهران، خیابان ولیعصر'),
('BR002', 'شعبه اصفهان', 'اصفهان، خیابان چهارباغ'),
('BR003', 'شعبه مشهد', 'مشهد، بلوار وکیل آباد'),
('BR004', 'شعبه شیراز', 'شیراز، خیابان زند'),
('BR005', 'شعبه تبریز', 'تبریز، خیابان امام خمینی');

-- ==============================================
-- 2. کاربران سیستم
-- ==============================================
INSERT INTO users (id, username, password_hash, name, role, employee_id, branch_city) VALUES 
('USR001', 'admin', '$2b$10$rQZ8K9vL2mN3pQ4rS5tU6uV7wX8yZ9aA0bB1cC2dD3eE4fF5gG6hH7iI8jJ9kK0lL1mM2nN3oO4pP5qQ6rR7sS8tT9uU0vV1wW2xX3yY4zZ5', 'مدیر سیستم', 'ادمین', 'EMP001', NULL),
('USR002', 'workshop_manager', '$2b$10$rQZ8K9vL2mN3pQ4rS5tU6uV7wX8yZ9aA0bB1cC2dD3eE4fF5gG6hH7iI8jJ9kK0lL1mM2nN3oO4pP5qQ6rR7sS8tT9uU0vV1wW2xX3yY4zZ5', 'مدیر تعمیرگاه', 'تعمیرگاه', 'EMP002', NULL),
('USR003', 'technician1', '$2b$10$rQZ8K9vL2mN3pQ4rS5tU6uV7wX8yZ9aA0bB1cC2dD3eE4fF5gG6hH7iI8jJ9kK0lL1mM2nN3oO4pP5qQ6rR7sS8tT9uU0vV1wW2xX3yY4zZ5', 'تکنسین اول', 'تعمیرگاه', 'EMP003', NULL),
('USR004', 'logistics_coord', '$2b$10$rQZ8K9vL2mN3pQ4rS5tU6uV7wX8yZ9aA0bB1cC2dD3eE4fF5gG6hH7iI8jJ9kK0lL1mM2nN3oO4pP5qQ6rR7sS8tT9uU0vV1wW2xX3yY4zZ5', 'هماهنگ کننده لجستیک', 'ترابری', 'EMP004', NULL),
('USR005', 'finance_tehran', '$2b$10$rQZ8K9vL2mN3pQ4rS5tU6uV7wX8yZ9aA0bB1cC2dD3eE4fF5gG6hH7iI8jJ9kK0lL1mM2nN3oO4pP5qQ6rR7sS8tT9uU0vV1wW2xX3yY4zZ5', 'کارشناس مالی تهران', 'مالی شعب', 'EMP005', 'تهران');

-- ==============================================
-- 3. رانندگان
-- ==============================================
INSERT INTO drivers (id, employee_id, name, national_id, mobile, hire_date, license_type) VALUES 
('DRV001', 'EMP101', 'احمد محمدی', '1234567890', '09123456789', '2020-01-15', 'نوع 2'),
('DRV002', 'EMP102', 'علی رضایی', '1234567891', '09123456790', '2019-03-20', 'نوع 1'),
('DRV003', 'EMP103', 'حسن کریمی', '1234567892', '09123456791', '2021-06-10', 'نوع 2'),
('DRV004', 'EMP104', 'محمد حسینی', '1234567893', '09123456792', '2020-09-05', 'نوع 1'),
('DRV005', 'EMP105', 'رضا احمدی', '1234567894', '09123456793', '2022-02-14', 'نوع 2');

-- ==============================================
-- 4. تعمیرکاران
-- ==============================================
INSERT INTO technicians (id, name, employee_id) VALUES 
('TECH001', 'تکنسین اول', 'EMP201'),
('TECH002', 'تکنسین دوم', 'EMP202'),
('TECH003', 'تکنسین سوم', 'EMP203'),
('TECH004', 'تکنسین چهارم', 'EMP204');

-- ==============================================
-- 5. خودروها
-- ==============================================
INSERT INTO vehicles (id, plate_part1, plate_letter, plate_part2, plate_city_code, serial_number, model, brand, type, branch_id, holding_company, mihan_company, vehicle_category, vin, year, status, owner_name) VALUES 
('VEH001', '12', 'الف', '345', '11', 'SN001', '206', 'پژو', 'کشنده', 'BR001', 'هلدینگ میهن', 'شرکت میهن', 'خودرو سنگین', 'VIN12345678901234567', 2020, 'فعال', 'شرکت میهن'),
('VEH002', '23', 'ب', '456', '13', 'SN002', 'سورن', 'سمند', 'کشنده', 'BR002', 'هلدینگ میهن', 'شرکت میهن', 'خودرو سنگین', 'VIN12345678901234568', 2019, 'فعال', 'شرکت میهن'),
('VEH003', '34', 'ج', '567', '16', 'SN003', 'تیبا 2', 'تیبا', 'کشنده', 'BR003', 'هلدینگ میهن', 'شرکت میهن', 'خودرو سنگین', 'VIN12345678901234569', 2021, 'فعال', 'شرکت میهن'),
('VEH004', '45', 'د', '678', '17', 'SN004', 'دنا', 'سایپا', 'کشنده', 'BR004', 'هلدینگ میهن', 'شرکت میهن', 'خودرو سنگین', 'VIN12345678901234570', 2022, 'فعال', 'شرکت میهن'),
('VEH005', '56', 'ه', '789', '21', 'SN005', 'کامیون', 'ایسوزو', 'کشنده', 'BR005', 'هلدینگ میهن', 'شرکت میهن', 'خودرو سنگین', 'VIN12345678901234571', 2020, 'فروخته شده', 'شرکت خصوصی');

-- ==============================================
-- 6. تاریخچه مالکین خودرو
-- ==============================================
INSERT INTO vehicle_owner_history (id, vehicle_id, owner_name, start_date, end_date) VALUES 
('VOH001', 'VEH001', 'شرکت خصوصی قبلی', '2018-01-01', '2020-01-01'),
('VOH002', 'VEH001', 'شرکت میهن', '2020-01-01', NULL),
('VOH003', 'VEH005', 'شرکت میهن', '2020-01-01', '2023-06-01'),
('VOH004', 'VEH005', 'شرکت خصوصی', '2023-06-01', NULL);

-- ==============================================
-- 7. قطعات انبار
-- ==============================================
INSERT INTO parts (id, name, part_number, quantity_in_stock, price, min_stock_level, location, expiry_date) VALUES 
('PART001', 'فیلتر روغن', 'FILTER001', 50, 150000, 10, 'قفسه A1', '2025-12-31'),
('PART002', 'لنت ترمز', 'BRAKE001', 30, 200000, 5, 'قفسه B2', '2026-06-30'),
('PART003', 'شمع', 'SPARK001', 100, 50000, 20, 'قفسه C3', '2027-03-15'),
('PART004', 'فیلتر هوا', 'AIR001', 25, 80000, 8, 'قفسه A2', '2025-09-20'),
('PART005', 'روغن موتور', 'OIL001', 200, 300000, 50, 'قفسه D1', '2024-12-31'),
('PART006', 'کمربند تایم', 'BELT001', 15, 400000, 3, 'قفسه B3', '2026-08-10');

-- ==============================================
-- 8. سفارش‌های تعمیر
-- ==============================================
INSERT INTO repair_orders (id, vehicle_id, driver_id, branch_id, description, status, priority, created_at, completed_at, assigned_technician_id) VALUES 
('RO001', 'VEH001', 'DRV001', 'BR001', 'تعمیر موتور و تعویض روغن', 'Pending', 'Normal', '2024-01-15 10:00:00', NULL, 'TECH001'),
('RO002', 'VEH002', 'DRV002', 'BR002', 'تعمیر ترمز و تعویض لنت', 'InProgress', 'High', '2024-01-16 14:30:00', NULL, 'TECH002'),
('RO003', 'VEH003', 'DRV003', 'BR003', 'تعمیر سیستم تهویه', 'Completed', 'Normal', '2024-01-10 09:15:00', '2024-01-12 16:45:00', 'TECH003'),
('RO004', 'VEH004', 'DRV004', 'BR004', 'تعمیر گیربکس', 'Pending', 'High', '2024-01-17 11:20:00', NULL, NULL),
('RO005', 'VEH001', 'DRV001', 'BR001', 'تعمیر سیستم برق', 'InProgress', 'Normal', '2024-01-18 08:45:00', NULL, 'TECH001');

-- ==============================================
-- 9. قطعات مصرفی
-- ==============================================
INSERT INTO part_usages (id, repair_order_id, part_id, quantity_used, usage_date) VALUES 
('PU001', 'RO001', 'PART001', 2, '2024-01-15 10:30:00'),
('PU002', 'RO001', 'PART005', 1, '2024-01-15 10:35:00'),
('PU003', 'RO002', 'PART002', 4, '2024-01-16 15:00:00'),
('PU004', 'RO003', 'PART003', 6, '2024-01-10 10:00:00'),
('PU005', 'RO003', 'PART004', 1, '2024-01-10 10:05:00');

-- ==============================================
-- 10. تامین‌کنندگان
-- ==============================================
INSERT INTO suppliers (id, name, contact_person) VALUES 
('SUP001', 'تامین کننده قطعات خودرو', 'احمد تامین'),
('SUP002', 'شرکت تعمیرات تخصصی', 'علی تعمیر'),
('SUP003', 'فروشگاه قطعات یدکی', 'حسن فروش'),
('SUP004', 'کارگاه تعمیرات مکانیک', 'محمد مکانیک');

-- ==============================================
-- 11. سفارش‌های خرید
-- ==============================================
INSERT INTO purchase_orders (id, supplier_id, order_date, expected_delivery_date, status) VALUES 
('PO001', 'SUP001', '2024-01-10 09:00:00', '2024-01-20', 'Delivered'),
('PO002', 'SUP002', '2024-01-15 14:00:00', '2024-01-25', 'Pending'),
('PO003', 'SUP003', '2024-01-12 11:30:00', '2024-01-22', 'InTransit');

-- ==============================================
-- 12. اقلام سفارش خرید
-- ==============================================
INSERT INTO purchase_order_items (purchase_order_id, part_id, quantity) VALUES 
('PO001', 'PART001', 20),
('PO001', 'PART002', 10),
('PO002', 'PART003', 50),
('PO003', 'PART004', 15);

-- ==============================================
-- 13. فاکتورها
-- ==============================================
INSERT INTO invoices (id, repair_order_id, vehicle_id, total_amount, status, issued_at) VALUES 
('INV001', 'RO001', 'VEH001', 500000, 'Pending', '2024-01-15 12:00:00'),
('INV002', 'RO002', 'VEH002', 750000, 'Paid', '2024-01-16 16:00:00'),
('INV003', 'RO003', 'VEH003', 300000, 'Overdue', '2024-01-12 18:00:00'),
('INV004', NULL, 'VEH004', 200000, 'Pending', '2024-01-17 13:00:00');

-- ==============================================
-- 14. اقلام فاکتور
-- ==============================================
INSERT INTO invoice_items (invoice_id, description, quantity, price, total) VALUES 
('INV001', 'تعمیر موتور', 1, 300000, 300000),
('INV001', 'تعویض روغن', 1, 200000, 200000),
('INV002', 'تعمیر ترمز', 1, 500000, 500000),
('INV002', 'تعویض لنت', 1, 250000, 250000),
('INV003', 'تعمیر سیستم تهویه', 1, 300000, 300000),
('INV004', 'خدمات عمومی', 1, 200000, 200000);

-- ==============================================
-- 15. اعلام بارها
-- ==============================================
INSERT INTO freight_announcements (id, announcement_code, loading_date, line_type, status, cargo_value, vehicle_type, assignment_type, assigned_driver_id, assigned_vehicle_id, total_freight_cost, carton_count) VALUES 
('FA001', 'FA-2024-001', '2024-01-20', 'بستنی', 'PendingPersonalAssignment', 50000000, 'کشنده', 'شخصی', NULL, NULL, 2000000, 1000),
('FA002', 'FA-2024-002', '2024-01-21', 'پاستوریزه', 'InTransit', 75000000, 'کشنده', 'شرکتی', 'DRV001', 'VEH001', 3000000, 1500),
('FA003', 'FA-2024-003', '2024-01-22', 'بستنی', 'Finalized', 30000000, 'کشنده', 'شرکتی', 'DRV002', 'VEH002', 1500000, 800),
('FA004', 'FA-2024-004', '2024-01-23', 'پاستوریزه', 'Draft', 40000000, 'کشنده', NULL, NULL, NULL, NULL, 1200);

-- ==============================================
-- 16. مقاصد اعلام بار
-- ==============================================
INSERT INTO freight_destinations (id, freight_announcement_id, city, representative_name, tonnage, freight_cost) VALUES 
('FD001', 'FA001', 'اصفهان', 'احمد نماینده', 10.5, 800000),
('FD002', 'FA001', 'شیراز', 'علی نماینده', 8.2, 600000),
('FD003', 'FA002', 'مشهد', 'حسن نماینده', 15.0, 1200000),
('FD004', 'FA003', 'تبریز', 'محمد نماینده', 12.3, 900000),
('FD005', 'FA004', 'کرمان', 'رضا نماینده', 9.8, 700000);

-- ==============================================
-- 17. تاریخچه اعلام بار
-- ==============================================
INSERT INTO freight_announcement_history (freight_announcement_id, user_id, action, details) VALUES 
('FA001', 'USR004', 'ایجاد اعلام بار', 'اعلام بار جدید ایجاد شد'),
('FA001', 'USR001', 'تایید مدیر', 'اعلام بار توسط مدیر تایید شد'),
('FA002', 'USR004', 'تخصیص خودرو', 'خودرو VEH001 به راننده DRV001 تخصیص داده شد'),
('FA003', 'USR004', 'تکمیل حمل', 'حمل با موفقیت تکمیل شد');

-- ==============================================
-- 18. تراکنش‌های مالی حمل
-- ==============================================
INSERT INTO freight_transactions (id, announcement_id, amount, transaction_date, is_paid, notes) VALUES 
('FT001', 'FA001', 2000000, '2024-01-20', FALSE, 'هزینه حمل اعلام بار FA-2024-001'),
('FT002', 'FA002', 3000000, '2024-01-21', TRUE, 'هزینه حمل اعلام بار FA-2024-002'),
('FT003', 'FA003', 1500000, '2024-01-22', TRUE, 'هزینه حمل اعلام بار FA-2024-003');

-- ==============================================
-- 19. گزارشات حوادث
-- ==============================================
INSERT INTO accident_reports (id, vehicle_id, driver_id, accident_date, location, description, damage_amount, insurance_claim_number, status) VALUES 
('AR001', 'VEH001', 'DRV001', '2023-12-15', 'جاده تهران-اصفهان', 'تصادف جزئی با خودروی دیگر', 5000000, 'INS-2023-001', 'Settled'),
('AR002', 'VEH003', 'DRV003', '2024-01-05', 'شهر مشهد', 'خراشیدگی بدنه در پارکینگ', 2000000, 'INS-2024-001', 'UnderReview');

-- ==============================================
-- 20. بیمه‌نامه‌ها
-- ==============================================
INSERT INTO insurance_policies (id, vehicle_id, policy_number, insurance_company, policy_type, start_date, end_date, premium_amount, coverage_amount, status) VALUES 
('IP001', 'VEH001', 'POL-2024-001', 'بیمه پارسیان', 'بیمه بدنه', '2024-01-01', '2024-12-31', 5000000, 100000000, 'Active'),
('IP002', 'VEH002', 'POL-2024-002', 'بیمه ایران', 'بیمه بدنه', '2024-01-01', '2024-12-31', 4500000, 90000000, 'Active'),
('IP003', 'VEH003', 'POL-2024-003', 'بیمه پارسیان', 'بیمه بدنه', '2024-01-01', '2024-12-31', 4800000, 95000000, 'Active');

-- ==============================================
-- 21. تخصیص خودرو
-- ==============================================
INSERT INTO vehicle_allocations (id, allocation_number, from_branch_id, to_branch_id, allocation_date, reason, status, created_by) VALUES 
('VA001', 'ALL-2024-001', 'BR001', 'BR002', '2024-01-10', 'نیاز شعبه اصفهان به خودرو اضافی', 'Completed', 'USR001'),
('VA002', 'ALL-2024-002', 'BR002', 'BR003', '2024-01-15', 'انتقال موقت برای پروژه خاص', 'Pending', 'USR001');

-- ==============================================
-- 22. اقلام تخصیص خودرو
-- ==============================================
INSERT INTO vehicle_allocation_items (id, allocation_id, vehicle_id) VALUES 
('VAI001', 'VA001', 'VEH001'),
('VAI002', 'VA002', 'VEH002');

-- ==============================================
-- 23. تیکت‌های پشتیبانی
-- ==============================================
INSERT INTO support_tickets (id, ticket_number, title, description, priority, status, created_by, assigned_to) VALUES 
('ST001', 'TKT-2024-001', 'مشکل در سیستم تعمیرگاه', 'سیستم تعمیرگاه کند کار می‌کند', 'High', 'Open', 'USR002', 'USR001'),
('ST002', 'TKT-2024-002', 'درخواست آموزش', 'نیاز به آموزش استفاده از سیستم جدید', 'Medium', 'InProgress', 'USR003', 'USR001'),
('ST003', 'TKT-2024-003', 'مشکل چاپ فاکتور', 'فاکتورها به درستی چاپ نمی‌شوند', 'Low', 'Closed', 'USR005', 'USR001');

-- ==============================================
-- 24. هشدارها
-- ==============================================
INSERT INTO alerts (id, title, message, type) VALUES 
('ALT001', 'کمبود قطعه', 'فیلتر روغن در حال تمام شدن است', 'warning'),
('ALT002', 'سفارش تعمیر فوری', 'خودرو پلاک 12الف345 نیاز به تعمیر فوری دارد', 'urgent'),
('ALT003', 'بیمه در حال انقضا', 'بیمه خودرو VEH001 تا 30 روز دیگر منقضی می‌شود', 'info'),
('ALT004', 'پرداخت معوق', 'فاکتور INV003 هنوز پرداخت نشده است', 'warning');

-- ==============================================
-- 25. درخواست‌های برون‌سپاری
-- ==============================================
INSERT INTO outsourcing_requests (id, repair_order_id, supplier_id, status) VALUES 
('OR001', 'RO001', 'SUP002', 'Pending'),
('OR002', 'RO004', 'SUP004', 'Approved');

-- ==============================================
-- 26. لاگ‌های audit
-- ==============================================
INSERT INTO audit_logs (id, user_id, action, table_name, record_id, old_values, new_values, ip_address, user_agent) VALUES 
('AUD001', 'USR001', 'CREATE', 'repair_orders', 'RO001', NULL, '{"id": "RO001", "status": "Pending"}', '192.168.1.100', 'Mozilla/5.0'),
('AUD002', 'USR002', 'UPDATE', 'repair_orders', 'RO002', '{"status": "Pending"}', '{"status": "InProgress"}', '192.168.1.101', 'Mozilla/5.0'),
('AUD003', 'USR004', 'CREATE', 'freight_announcements', 'FA001', NULL, '{"id": "FA001", "status": "Draft"}', '192.168.1.102', 'Mozilla/5.0');





























